YEAR,PREKEY,ESTATAL__SOURCE_ROWS,ESTATAL__GOB_PNP,ESTATAL__GOB_PPD,ESTATAL__GOB_PIP,ESTATAL__GOB_MVC,ESTATAL__GOB_PD,ESTATAL__GOB_IND,ESTATAL__GOB_OTR,ESTATAL__GOB_MVT,ESTATAL__GOB_NVT,ESTATAL__COM_PNP,ESTATAL__COM_PPD,ESTATAL__COM_PIP,ESTATAL__COM_MVC,ESTATAL__COM_PD,ESTATAL__COM_OTR,ESTATAL__COM_MVT,ESTATAL__COM_NVT,ESTATAL__EST_PNP_INT,ESTATAL__EST_PPD_INT,ESTATAL__EST_PIP_INT,ESTATAL__EST_MVC_INT,ESTATAL__EST_PD_INT,ESTATAL__EST_PNP_MIX,ESTATAL__EST_PPD_MIX,ESTATAL__EST_PIP_MIX,ESTATAL__EST_MVC_MIX,ESTATAL__EST_PD_MIX,ESTATAL__EST_BLN,ESTATAL__EST_NUL,ESTATAL__EST_CND,ESTATAL__EST_TOT,ESTATAL__INSCRITOS,LEGISLATIVA__SOURCE_ROWS,LEGISLATIVA__RPD_PNP,LEGISLATIVA__RPD_PPD,LEGISLATIVA__RPD_PIP,LEGISLATIVA__RPD_MVC,LEGISLATIVA__RPD_PD,LEGISLATIVA__RPD_IND,LEGISLATIVA__RPD_OTR,LEGISLATIVA__RPD_MVT,LEGISLATIVA__RPD_NVT,LEGISLATIVA__SND_PNP_1,LEGISLATIVA__SND_PNP_2,LEGISLATIVA__SND_PPD_1,LEGISLATIVA__SND_PPD_2,LEGISLATIVA__SND_PIP_1,LEGISLATIVA__SND_PIP_2,LEGISLATIVA__SND_MVC_1,LEGISLATIVA__SND_MVC_2,LEGISLATIVA__SND_PD_1,LEGISLATIVA__SND_PD_2,LEGISLATIVA__SND_OTR,LEGISLATIVA__SND_MVT,LEGISLATIVA__SND_NVT,LEGISLATIVA__RPA_PNP_1,LEGISLATIVA__RPA_PNP_2,LEGISLATIVA__RPA_PNP_3,LEGISLATIVA__RPA_PNP_4,LEGISLATIVA__RPA_PNP_5,LEGISLATIVA__RPA_PNP_6,LEGISLATIVA__RPA_PPD_1,LEGISLATIVA__RPA_PPD_2,LEGISLATIVA__RPA_PPD_3,LEGISLATIVA__RPA_PPD_4,LEGISLATIVA__RPA_PPD_5,LEGISLATIVA__RPA_PPD_6,LEGISLATIVA__RPA_PIP,LEGISLATIVA__RPA_MVC_1,LEGISLATIVA__RPA_MVC_2,LEGISLATIVA__RPA_PD,LEGISLATIVA__RPA_OTR,LEGISLATIVA__RPA_MVT,LEGISLATIVA__RPA_NVT,LEGISLATIVA__SNA_PNP_1,LEGISLATIVA__SNA_PNP_2,LEGISLATIVA__SNA_PNP_3,LEGISLATIVA__SNA_PNP_4,LEGISLATIVA__SNA_PNP_5,LEGISLATIVA__SNA_PNP_6,LEGISLATIVA__SNA_PPD_1,LEGISLATIVA__SNA_PPD_2,LEGISLATIVA__SNA_PPD_3,LEGISLATIVA__SNA_PPD_4,LEGISLATIVA__SNA_PPD_5,LEGISLATIVA__SNA_PPD_6,LEGISLATIVA__SNA_PIP,LEGISLATIVA__SNA_MVC_1,LEGISLATIVA__SNA_MVC_2,LEGISLATIVA__SNA_PD,LEGISLATIVA__SNA_IND,LEGISLATIVA__SNA_OTR,LEGISLATIVA__SNA_MVT,LEGISLATIVA__SNA_NVT,LEGISLATIVA__LEG_PNP_INT,LEGISLATIVA__LEG_PPD_INT,LEGISLATIVA__LEG_PIP_INT,LEGISLATIVA__LEG_MVC_INT,LEGISLATIVA__LEG_PD_INT,LEGISLATIVA__LEG_PNP_MIX,LEGISLATIVA__LEG_PPD_MIX,LEGISLATIVA__LEG_PIP_MIX,LEGISLATIVA__LEG_MVC_MIX,LEGISLATIVA__LEG_PD_MIX,LEGISLATIVA__LEG_BLN,LEGISLATIVA__LEG_NUL,LEGISLATIVA__LEG_CND,LEGISLATIVA__LEG_TOT,LEGISLATIVA__INSCRITOS,MUNICIPAL__SOURCE_ROWS,MUNICIPAL__ALC_PNP,MUNICIPAL__ALC_PPD,MUNICIPAL__ALC_PIP,MUNICIPAL__ALC_MVC,MUNICIPAL__ALC_PD,MUNICIPAL__ALC_IND,MUNICIPAL__ALC_OTR,MUNICIPAL__ALC_MVT,MUNICIPAL__ALC_NVT,MUNICIPAL__MUN_PNP_INT,MUNICIPAL__MUN_PPD_INT,MUNICIPAL__MUN_PIP_INT,MUNICIPAL__MUN_MVC_INT,MUNICIPAL__MUN_PD_INT,MUNICIPAL__MUN_PNP_MIX,MUNICIPAL__MUN_PPD_MIX,MUNICIPAL__MUN_PIP_MIX,MUNICIPAL__MUN_MVC_MIX,MUNICIPAL__MUN_PD_MIX,MUNICIPAL__MUN_BLN,MUNICIPAL__MUN_NUL,MUNICIPAL__MUN_CND,MUNICIPAL__MUN_TOT,MUNICIPAL__INSCRITOS,PLEBISCITO__SOURCE_ROWS,PLEBISCITO__PLE_NO,PLEBISCITO__PLE_SI,PLEBISCITO__PLE_MVT,PLEBISCITO__PLE_NVT,PLEBISCITO__PLE_BLN,PLEBISCITO__PLE_NUL,PLEBISCITO__PLE_TOT,PLEBISCITO__INSCRITOS
2020,1,121,10204,6032,4732,5541,1036,143,82,18,55,11753,7328,2097,4676,1207,45,17,721,8427,4497,1582,3433,723,114,188,490,495,42,44,11,7850,27896,54109,120,10883,5768,2792,6035,,,29,27,1803,11074,9140,5406,5314,3091,2540,6938,6092,,,29,40,5157,7526,744,166,255,227,314,3959,191,68,387,83,1572,3472,5182,669,963,13,583,1019,7039,673,91,923,113,198,4053,340,144,723,107,265,3232,3793,1468,1083,1752,10,731,666,6670,3536,1251,2972,548,1434,1004,366,1198,106,206,29,7784,27645,54109,120,11342,5312,798,9238,681,,19,7,58,8936,4268,652,6543,577,133,220,271,232,66,99,26,5560,27584,54109,120,12532,14475,17,0,762,13,27798,54109
2020,2,121,8491,8550,5270,5578,965,184,71,10,76,9952,9923,2382,4919,1266,35,6,711,7121,6954,1917,3643,671,311,378,613,507,48,52,13,7377,29266,52474,120,8351,8485,3302,6461,,280,18,33,1892,9246,7656,7863,7676,3767,3054,7249,6437,,,19,52,4632,6808,142,263,146,172,170,6169,72,449,67,1804,67,4267,3828,2076,1025,9,526,750,6182,88,732,113,206,141,6289,150,689,136,272,252,3897,4531,895,1138,1903,13,694,487,5657,5662,1549,2794,538,1205,1312,517,1533,123,197,20,7944,29073,52474,120,9810,7938,1000,9703,703,,18,23,38,7831,6807,824,6936,593,99,283,368,251,66,104,15,5176,29352,52474,120,15808,13299,15,0,567,9,29698,52474
2020,3,122,8335,6624,4896,5032,1412,157,58,13,56,9987,7668,2073,4474,1677,32,7,583,7110,5095,1683,3317,987,96,205,509,380,63,35,22,7135,26870,50959,121,8649,5932,1512,8521,,,25,57,1658,9228,7745,6239,5933,3132,2562,5884,6392,,,10,25,5147,6346,336,193,200,202,413,4849,71,1818,50,102,50,3772,3515,1561,1476,5,363,783,5978,577,90,229,131,516,4969,139,193,266,210,151,3461,3839,797,1656,1849,12,671,629,5715,4022,1035,2599,809,1183,1116,442,1282,173,107,50,7988,26520,50959,121,9598,6105,850,8786,1019,,16,16,35,7586,5013,708,6216,875,120,242,308,204,90,84,45,5034,26539,50959,121,13447,13599,22,5,599,18,27685,50959
2020,4,151,11207,8313,7670,6058,1399,152,73,4,45,12901,10661,3153,5679,1802,58,3,541,9281,6500,2463,3857,1001,159,310,835,582,68,90,6,9882,35026,57588,150,10884,10241,4086,7105,,,30,17,1899,11960,9904,7979,7487,4656,4049,8223,9063,,,30,29,5151,7942,344,353,234,759,149,5250,2750,112,274,58,661,5823,5885,1014,1503,9,466,727,8254,174,129,172,587,64,5071,313,528,325,166,1532,4860,4481,1714,1902,2800,140,548,504,6901,4560,1787,3266,784,1560,1897,703,1470,185,130,38,11104,34376,57588,150,12252,7684,1217,12131,996,,32,6,29,9811,6288,1011,8494,841,193,408,472,284,103,100,23,6475,34502,57588,150,16899,16883,40,0,594,9,34431,57588
2020,5,44,2947,2589,1806,1607,636,49,14,1,24,3556,2928,742,1482,689,9,2,263,2481,2057,582,1025,458,36,74,181,124,28,13,5,2625,9700,16351,43,3074,2557,775,2341,631,,2,19,271,3304,2734,2492,2357,1126,895,1988,2289,,,9,12,1983,2191,92,67,202,41,110,2619,38,45,11,138,37,1244,1191,519,605,10,184,321,2045,78,50,187,9,280,1794,116,151,48,278,40,1146,1216,267,732,717,2,229,289,1921,1611,423,842,365,456,492,160,391,75,50,7,2936,9728,16351,43,3425,2412,292,3104,449,,4,6,18,2685,2005,248,2189,388,45,95,112,58,40,38,10,1846,9760,16351,43,4693,4781,6,0,278,14,9772,16351
2020,6,72,4784,3503,2488,2284,1223,120,40,5,59,5926,3664,991,2148,1209,12,10,526,3956,2609,803,1427,799,95,91,243,136,54,31,9,4290,14542,24965,71,4721,3750,1247,2879,1329,,6,36,848,5678,4710,3360,3180,1628,1340,2963,2453,,,11,31,4259,3551,97,409,538,228,156,2607,968,41,52,51,30,1752,1828,376,1082,2,441,565,3373,163,442,50,461,98,2763,88,185,171,55,40,1755,1455,491,1216,975,5,493,518,3064,2264,607,1071,636,895,544,184,452,144,151,8,4900,15044,24965,71,8337,4367,1119,,,,145,11,399,5565,2821,697,293,,262,284,207,154,,136,12,3995,14530,24965,71,6165,7844,12,0,508,8,14536,24965
2020,7,97,8918,4567,4585,3311,962,95,59,10,42,10121,5563,1905,3231,1194,40,1,461,7295,3450,1517,2028,673,103,176,405,275,48,39,9,6593,22609,36605,96,9967,5081,2111,4611,,,37,21,1365,9365,8824,4406,4400,3341,3263,4737,3848,,,37,6,4153,6455,204,891,302,374,356,3218,432,109,1654,57,53,3219,3143,675,1022,9,446,574,5684,214,565,79,1377,183,3088,1173,109,148,297,78,2869,2357,942,1330,1737,9,558,396,5350,2699,1256,1638,486,1701,1052,326,763,146,119,13,7773,23325,36605,96,13469,5225,2650,,,,110,11,728,9662,3663,1763,587,,302,368,370,248,,175,9,5261,22410,36605,96,8841,12808,19,0,480,14,22162,36605
2020,8,56,3877,2424,1301,1853,698,73,36,7,65,4621,2394,543,1515,730,11,5,491,3246,1738,442,1144,447,44,70,95,96,24,35,11,2990,10381,20159,55,4211,2693,551,1773,,,10,33,915,4169,4043,2355,2010,912,863,1539,1733,,,6,26,2703,3190,257,58,126,80,64,1583,119,36,729,21,23,994,1172,294,591,2,291,545,3080,267,31,225,53,82,1606,156,36,37,110,113,1085,1045,216,602,592,4,381,456,2872,1447,348,803,294,482,364,89,288,59,98,13,3137,10295,20159,55,7847,1904,373,,,,22,5,132,5164,1430,221,96,,130,117,99,100,,36,17,2928,10338,20159,55,4061,5846,5,0,466,2,10324,20159
2020,9,18,505,398,283,260,83,11,3,0,1,608,451,134,242,81,2,0,26,447,308,105,177,51,8,15,32,15,8,1,0,378,1545,2332,17,549,406,146,335,,,2,2,92,528,516,374,360,208,194,334,295,,,3,1,238,411,12,13,7,32,0,254,6,29,2,137,4,219,195,75,90,0,20,26,411,2,2,10,22,5,280,10,31,3,11,12,208,187,54,99,136,0,27,22,362,237,87,140,35,78,80,26,64,14,9,0,409,1541,2332,17,1140,250,100,,,,3,0,47,773,209,75,39,,20,41,32,17,,5,0,332,1545,2332,17,734,770,2,0,40,0,1546,2332
2020,10,124,10117,7474,4951,4958,2228,195,67,8,58,12154,8010,2130,4406,2514,23,5,823,8773,5874,1764,3243,1580,145,191,433,249,72,57,9,7727,30117,57425,123,11062,7086,2994,5233,,,16,60,2969,10663,10356,6548,6522,3733,3665,5542,4691,,,31,72,7020,8447,166,317,212,193,236,7450,69,63,329,89,67,3556,3511,1116,2203,4,613,783,7634,120,949,148,199,270,5164,372,140,448,73,319,3881,3150,700,2368,2130,11,789,558,7081,4811,1586,2310,1161,1505,1072,422,967,286,159,13,8218,29595,57425,123,22937,4649,1476,,,,43,22,651,15272,4204,1070,540,,323,461,452,357,,146,33,7099,29981,57425,123,13137,16053,13,0,743,4,29950,57425
2020,11,115,9663,7101,4654,4939,2209,204,67,8,61,11494,7675,2022,4375,2527,15,8,787,8328,5583,1682,3192,1539,138,184,386,296,86,38,12,7489,28954,55406,114,10934,6372,2507,5529,2289,,93,104,1320,10586,10134,6335,6289,3569,3534,5013,5388,,,35,61,7351,7751,423,297,223,235,604,4954,79,97,37,380,2011,3471,3503,1255,2267,7,603,951,7236,835,150,205,238,622,4868,333,276,168,477,177,3586,3301,744,2415,2099,9,773,642,6991,4527,1451,2372,1230,1468,1185,356,1050,260,189,15,8183,29347,55406,114,21837,4484,1465,,,,44,8,636,14390,4052,1038,548,,312,383,502,391,,140,24,6866,28642,55406,114,12705,15095,17,3,729,7,28536,55406
2020,12,33,2148,2116,649,847,493,30,14,3,22,2485,2080,283,738,550,4,1,181,1895,1770,228,549,354,31,39,52,39,15,40,1,1350,6363,11409,32,2233,2244,350,849,,,5,10,588,2312,2229,1993,1941,468,481,795,855,,,3,6,1475,1812,42,97,19,54,62,1748,7,6,9,12,349,489,602,156,507,5,113,191,1732,53,120,13,98,20,1720,61,54,25,11,28,535,497,88,573,352,4,142,154,1638,1611,201,397,249,279,239,41,148,57,61,4,1420,6346,11409,32,4387,1574,220,,,,5,0,114,2967,1449,157,86,,43,109,63,57,,53,7,1369,6360,11409,32,2947,3276,4,0,150,0,6377,11409
2020,13,96,6862,6221,3647,3824,1830,138,48,8,48,8372,6485,1585,3524,2017,16,3,625,5927,4991,1348,2550,1341,88,140,314,204,70,36,8,5654,22670,41867,95,7917,7208,1884,3778,,,16,47,1664,7361,7066,5981,5874,2916,2700,3687,3972,,,26,24,5386,5458,177,172,340,111,257,4925,41,53,69,1620,32,2600,2765,784,1836,6,490,783,5095,186,178,439,52,477,4950,226,160,77,90,219,2787,2326,572,1964,1521,7,622,563,4861,4402,1106,1706,881,999,886,278,721,257,86,13,6421,22617,41867,95,9235,10185,2194,,,,44,9,611,7049,7423,1401,508,,229,274,326,213,,147,26,4857,22453,41867,95,10853,11751,16,0,629,19,23267,41867
2020,14,129,8484,6825,4065,4554,2477,219,95,15,81,10425,6943,1809,3956,2660,31,10,984,6959,5071,1478,2859,1738,154,196,309,226,73,62,7,7755,26883,53483,128,9846,10106,2963,,,,39,63,3642,9338,8861,6132,5957,2947,3009,4840,3846,,,41,85,8286,6409,229,505,113,318,258,4509,290,117,1782,48,52,2831,4153,765,2180,11,629,1450,6208,329,707,57,510,150,4872,362,111,115,291,154,3413,2442,709,2263,1863,11,818,1276,5477,4165,1201,1405,917,1444,1060,324,944,481,119,13,9253,26802,53483,128,17557,5526,2247,,,,90,17,864,10854,4405,1381,663,,448,408,418,343,,251,38,7377,26585,53483,128,11426,14155,13,0,1037,4,26635,53483
2020,15,72,4232,4646,2284,2142,1099,122,27,6,39,5245,4734,933,1990,1160,11,1,524,3533,3644,763,1371,780,46,121,187,127,42,20,3,3983,14621,26257,71,4389,5868,1370,2202,,,19,11,1173,4089,4125,4855,5002,1613,1054,2669,2166,1216,,12,22,3260,3272,125,114,265,52,154,3735,72,1319,25,33,276,1616,1672,372,1007,2,330,591,2990,97,126,352,15,356,3911,50,73,271,90,276,1699,1340,416,1122,962,2,405,479,2832,3457,632,991,581,642,768,177,407,137,120,6,4409,15158,26257,71,5156,8504,532,,,,29,4,187,3751,6010,360,146,,173,198,179,125,,55,14,3470,14481,26257,71,6953,7095,16,0,414,2,14480,26257
2020,16,50,3247,2854,1137,1274,912,56,22,2,26,3926,2808,465,1092,929,6,3,301,2873,2286,404,828,657,43,78,88,55,27,17,1,2191,9547,18179,49,3950,2968,609,1219,,,18,16,757,3337,3397,2823,2808,750,467,1120,1356,885,,10,16,2099,2802,79,144,33,88,56,2438,13,24,586,23,14,782,904,157,776,3,202,411,2669,107,235,14,149,41,2267,74,40,42,68,106,889,782,171,823,459,2,255,340,2541,2060,304,584,452,379,399,73,173,111,62,5,2460,9602,18179,49,4854,3925,486,,,,14,2,42,3743,3193,403,,,71,104,44,,,54,15,1746,9373,18179,49,4145,4964,4,0,266,0,9383,18179
2020,17,24,843,1245,324,398,275,29,4,1,9,1037,1210,148,340,264,0,0,129,739,1053,124,259,195,10,21,23,20,15,8,2,669,3138,5573,23,845,1246,167,556,,,0,1,293,842,874,1252,1248,196,137,446,358,247,,0,1,618,758,15,18,15,12,14,1147,12,198,4,0,3,229,281,40,209,0,67,88,731,4,50,7,14,18,1061,15,8,27,44,25,274,253,55,231,138,0,79,75,659,998,96,201,145,88,107,19,67,22,22,4,660,3136,5573,23,1120,1867,111,,,,4,3,3,843,1516,85,,,28,31,9,,,24,3,594,3133,5573,23,1673,1408,3,0,90,0,3174,5573
2020,18,49,2695,2980,1059,1154,847,56,17,7,30,3287,2913,509,972,829,8,1,322,2310,2421,407,724,588,39,90,71,60,34,27,6,2096,8874,17846,48,3075,3316,726,1254,,,11,3,978,2875,2909,3177,3133,787,579,1144,1219,894,,5,8,2000,2504,49,50,106,32,65,2609,23,589,26,15,95,858,870,148,808,1,209,310,2330,60,108,183,14,128,2680,36,30,100,43,98,883,732,157,818,464,0,233,269,2243,2456,396,569,496,364,413,79,213,101,73,5,2009,9644,17846,48,2594,5639,298,,,,17,3,174,2119,4101,211,110,,98,114,90,58,,64,23,1852,8840,17846,48,4191,4294,9,0,337,10,8836,17846
2020,19,56,2778,3322,1334,1510,1044,81,11,5,16,3517,3278,597,1318,1098,6,0,286,2422,2703,473,977,783,36,81,116,73,42,7,2,2394,10109,20146,55,2614,3611,536,2370,,,3,21,968,2661,2710,3408,3411,868,541,1693,1511,1110,,4,8,2319,2246,56,45,60,132,35,2588,906,20,19,114,30,959,1185,165,967,5,178,403,2180,27,67,76,186,10,2673,46,115,74,117,39,1063,979,228,1039,659,6,217,322,1940,2330,334,745,587,392,602,98,283,161,73,8,2651,10205,20146,55,2618,6646,437,,,,26,2,189,2213,4877,276,141,,119,154,125,101,,57,8,1914,9985,20146,55,4884,4909,5,0,218,3,10019,20146
2020,20,64,4607,5507,914,1490,701,72,14,5,42,5359,5226,395,1252,688,5,1,426,4161,4739,329,961,477,42,95,66,46,27,17,8,2407,13375,22120,63,5441,5513,265,1524,,,8,23,587,4512,4590,5564,5498,522,333,1452,1187,644,,5,18,2396,4049,52,136,63,133,68,4915,817,10,15,55,25,565,1044,115,550,1,223,523,3911,121,225,23,185,39,4855,57,160,106,70,14,742,866,143,595,509,1,288,450,3749,4534,190,688,282,419,558,66,191,89,80,3,2595,13443,22120,63,4278,8679,158,,,,10,1,19,3690,6375,121,,,143,256,53,,,46,11,2507,13202,22120,63,6541,6427,12,0,263,1,13244,22120
2020,21,39,2314,1542,774,910,905,57,10,5,22,2827,1445,329,813,886,4,0,238,1975,1158,276,603,637,32,48,50,25,23,18,5,1716,6566,12533,38,2554,1746,408,1099,,,6,2,997,2440,2539,1726,1577,620,350,890,954,904,,4,16,1584,2024,169,27,67,52,50,1247,13,16,66,19,424,538,736,122,816,0,151,274,1975,188,13,132,17,36,1283,60,42,62,13,18,628,594,133,844,356,38,183,198,1810,1166,225,477,511,296,223,61,158,117,45,5,1769,6562,12533,38,4043,1627,370,,,,249,8,164,2802,1158,203,107,,107,72,78,47,,69,7,1885,6534,12533,38,2514,3733,7,0,240,1,6478,12533
2020,22,43,2906,2175,736,933,784,52,21,6,49,3476,2008,317,800,734,2,29,290,2544,1701,270,590,572,35,47,58,50,22,21,5,1766,7683,15365,42,3082,2359,531,712,,,7,13,833,2867,2942,2072,2052,588,346,767,856,759,,1,10,1819,2538,39,90,59,44,58,1617,22,88,12,465,11,589,628,98,659,1,183,338,2356,31,199,35,52,115,1693,43,55,18,27,61,665,515,111,686,383,1,255,238,2121,1529,243,394,441,348,220,49,142,88,66,8,1860,7614,15365,42,4493,2361,361,,,,273,16,147,3249,1731,232,95,,127,100,67,57,,76,7,1857,7726,15365,42,3044,4409,4,0,297,0,7754,15365
2020,23,47,3392,3325,502,937,492,68,8,4,25,3840,3076,209,756,494,1,6,370,3056,2782,171,585,358,38,57,38,35,10,51,8,1623,8812,14613,46,3426,3373,441,679,,,9,7,704,3257,3265,3283,3250,350,215,721,872,495,,14,12,1547,2854,55,49,167,34,85,2774,10,25,105,431,13,380,569,111,424,0,188,366,2741,60,84,172,18,119,2762,89,43,57,32,94,495,482,91,451,315,0,225,311,2645,2514,145,379,290,333,359,39,120,47,101,4,1671,8746,14613,46,4221,3672,207,,,512,28,1,71,3293,2978,121,42,,142,127,38,45,,63,20,1927,8796,14613,46,4150,4746,5,0,331,23,9255,14613
2020,24,30,1756,1337,337,426,932,33,18,2,34,2111,1144,190,342,820,2,0,266,1549,987,164,289,657,19,32,21,18,33,18,1,1106,4894,9143,29,2023,1226,346,343,,,1,7,875,1832,1973,1194,1150,280,202,348,408,876,,0,12,1375,1545,38,97,18,39,24,958,13,40,249,4,1,326,297,41,781,1,142,207,1472,102,154,5,61,6,966,41,29,9,18,31,371,236,37,772,156,0,198,158,1410,910,161,200,548,194,132,19,64,95,83,4,1088,4907,9143,29,3447,1084,284,,,,3,3,13,2495,816,187,,,42,38,18,,,43,7,1242,4888,9143,29,1907,2819,4,0,150,5,4885,9143
2020,25,62,2994,3857,989,1314,1147,73,22,7,57,3789,3434,460,1105,1124,4,8,548,2563,3021,388,875,842,34,117,47,54,37,51,7,2480,10516,18187,61,3020,4113,806,1027,,,6,17,1340,2792,2817,3987,4009,683,479,1228,1070,1163,,4,27,2402,2324,47,164,27,88,45,3235,99,852,11,13,31,749,910,114,1012,0,238,373,2187,118,178,17,160,19,3169,92,55,104,126,106,851,787,108,1040,550,2,358,307,2064,2989,316,653,666,365,534,57,156,162,186,5,2373,10522,18187,61,2453,7935,171,,,,15,11,35,1814,5418,117,,,135,359,28,,,50,7,2758,10685,18187,61,4756,5183,7,0,421,1,10368,18187
2020,26,30,1542,1631,519,606,579,38,8,2,11,1921,1444,238,542,594,2,0,195,1324,1259,205,404,426,30,55,42,24,24,24,1,1143,4960,9359,29,1740,1914,437,513,,,14,11,690,1664,1627,1834,1970,352,248,536,609,613,,7,12,1148,1338,57,37,29,31,88,1480,399,3,7,65,18,397,467,61,545,1,114,181,1254,84,14,48,139,79,1546,20,40,37,45,10,445,352,80,552,285,1,154,136,1213,1389,173,283,336,242,261,42,99,87,53,1,1191,5370,9359,29,1327,3160,251,,,,93,8,72,1111,2135,127,46,,68,94,67,50,,71,12,1201,4982,9359,29,2140,2647,9,0,135,4,4935,9359
2020,27,121,10297,9444,2729,2716,2933,177,79,11,110,12317,8477,1126,2432,3055,13,7,1069,9012,7280,936,1730,2127,142,296,233,137,134,62,45,6469,28603,52360,120,12076,8964,1159,2193,2643,,18,86,752,10007,9734,8779,9245,1629,1112,2689,2349,2892,,26,36,7256,8197,641,105,282,181,141,6938,40,66,356,90,1795,1993,1960,349,2591,3,618,1537,8124,702,44,496,55,256,7142,253,181,258,58,119,2190,1538,385,2770,1211,91,816,1192,7351,6305,720,1138,1635,1333,1434,197,454,448,211,24,6867,28116,52360,120,9624,16743,1400,,,,129,18,370,8188,11451,806,244,,428,381,270,203,,353,34,6351,28712,52360,120,11299,15603,29,1,961,1,27894,52360
2020,28,24,1332,1396,279,312,430,28,10,1,9,1545,1338,106,272,438,3,0,95,1189,1190,90,205,315,17,31,22,26,15,4,0,697,3801,7120,23,1457,1460,106,263,412,,0,13,103,1316,1260,1431,1432,159,116,310,282,425,,2,3,892,1098,48,22,11,16,55,1251,6,3,7,24,190,184,221,33,402,0,83,159,1054,68,7,24,47,55,1232,23,24,24,5,11,212,180,35,424,170,1,105,113,1016,1172,72,145,296,158,135,15,59,35,36,1,711,3851,7120,23,1258,2330,93,,,,10,0,14,1102,1842,69,,,46,27,20,,,29,6,599,3740,7120,23,1633,2167,0,0,86,0,3886,7120
2020,29,50,3420,4016,1101,1124,1054,79,16,3,30,4196,3724,489,1032,1109,6,2,285,3048,3316,400,747,750,65,118,94,55,53,10,2,2197,10855,19862,49,3729,4747,905,,,,9,15,1492,3403,3383,4068,4109,714,509,1088,1147,1118,,5,8,2250,2801,210,30,123,48,63,3443,25,48,82,656,19,842,827,154,972,1,157,400,2812,232,29,183,19,84,3423,150,78,19,33,86,870,697,153,1029,509,2,220,273,2507,3153,320,457,540,471,522,97,239,183,94,4,2414,11000,19862,49,3017,7131,384,,,,13,6,32,2566,5282,302,,,158,185,87,,,66,15,2003,10664,19862,49,4950,5759,6,0,282,4,11008,19862
2020,30,79,6138,5131,1181,1291,1708,119,50,6,63,7270,4623,517,1093,1604,5,1,569,5592,4119,418,817,1183,124,149,80,67,80,46,8,3052,15735,24514,78,7493,5741,859,,,,6,16,1502,6720,6555,4816,4949,720,521,1191,1039,1491,,19,14,3204,5599,88,237,80,187,92,4919,49,150,183,16,6,789,823,151,1348,1,245,659,5144,671,453,15,183,30,4020,115,166,35,79,117,966,652,173,1442,541,2,355,462,4870,3847,311,387,635,1065,598,84,215,318,120,13,3288,15755,24514,78,8666,6057,440,,,,24,6,36,6896,4910,360,,,156,197,73,,,100,11,2636,15337,24514,78,6093,9143,19,0,399,8,15678,24514
2020,31,57,3439,4006,935,1001,595,91,32,3,21,4119,3767,425,868,626,4,1,312,3046,3279,360,637,421,32,94,71,48,29,14,3,2106,10141,18406,56,4090,4176,749,,,,6,6,1099,3490,3436,3918,3970,644,459,1002,857,632,,11,10,1820,3003,60,71,88,118,35,3188,93,755,16,18,110,698,712,117,546,5,144,350,2835,32,91,178,291,12,3211,30,49,80,118,126,887,559,124,596,421,6,217,262,2616,2946,318,367,270,513,602,63,195,128,119,11,2102,10251,18406,56,3136,6109,484,,,,54,8,60,2565,4427,330,,,158,315,63,,,85,8,1987,9937,18406,56,4510,5164,14,0,224,1,9913,18406
2020,32,83,5743,7928,1336,1655,1119,185,44,17,66,7074,6829,624,1485,1281,17,10,683,4952,5988,475,1064,745,76,301,88,78,73,31,7,4252,18142,30579,82,6101,8222,1150,,,,21,21,2078,5557,5898,7673,7709,906,865,1488,1346,,,8,16,3726,4676,120,77,103,205,81,6288,67,149,1248,16,26,1013,1151,193,1140,5,355,681,4458,56,147,317,327,20,6233,165,53,127,156,179,1219,861,232,1269,748,14,530,546,4137,5751,400,533,455,679,916,102,297,177,174,19,4133,17806,30579,82,5623,11334,585,,,,78,19,238,4469,8211,361,125,,248,493,144,91,,142,30,3810,18052,30579,82,9076,10168,22,0,713,4,19983,30579
2020,33,83,5092,5657,1544,1552,1163,269,47,5,50,6233,5120,779,1377,1213,8,1,630,4495,4359,621,960,802,101,126,86,73,37,35,6,3720,15421,29309,82,7052,7209,1141,,,,18,18,1502,6318,6212,5977,5923,1105,1022,1432,1305,,,11,20,4850,5107,83,143,298,63,202,4667,1246,27,13,184,69,1331,1046,186,1047,4,382,989,4691,152,260,370,17,355,4733,102,208,212,176,40,1555,872,176,1173,620,55,504,830,4427,4320,544,468,460,952,807,107,307,192,208,23,4508,17321,29309,82,10995,3602,525,,,,35,8,139,7131,3043,347,90,,294,348,134,93,,109,21,3813,15423,29309,82,7176,7790,20,0,560,8,15554,29309
2020,34,34,2427,2188,297,319,372,46,31,4,26,2728,1939,108,266,345,1,1,322,2195,1797,92,176,253,18,43,21,12,16,23,4,1087,5737,7736,33,2773,2221,162,,,,8,4,480,2479,2514,2084,2047,140,128,511,177,,,7,2,1216,2246,50,27,86,22,55,1813,4,4,40,13,238,175,189,22,302,2,100,254,2090,43,59,95,6,177,1850,28,34,50,8,23,249,126,32,311,112,1,143,217,2051,1697,77,85,158,288,235,18,39,39,61,6,967,5721,7736,33,3124,2488,72,,,,2,5,5,2367,1764,48,,,88,99,10,,,13,8,1320,5717,7736,33,2234,2937,5,0,272,1,5449,7736
2020,35,94,6687,6715,1625,2147,1535,131,42,12,58,8167,5914,824,1873,1514,10,4,646,5757,5086,650,1335,1032,119,208,115,111,91,27,7,4448,18982,35955,93,8059,6850,1126,1637,,,22,23,1503,6942,7269,6436,6609,1233,1172,1870,1806,,,24,22,5056,5694,222,190,149,245,159,6385,162,109,18,29,25,1341,1499,204,1359,8,433,992,5479,76,199,364,500,50,4909,222,57,148,205,111,1697,1177,304,1409,938,4,588,786,4926,4518,547,840,620,1062,960,149,338,222,169,11,5040,19400,35955,93,8808,8863,1018,,,238,77,23,208,6298,6157,588,152,,413,462,215,110,,99,44,4843,19360,35955,93,7662,10536,17,0,581,2,18798,35955
2020,36,78,5455,5235,888,1083,1003,74,26,4,42,6483,4564,422,938,975,6,2,420,4916,4187,345,682,676,100,146,74,56,62,23,15,2565,13847,23524,77,6335,5051,562,852,,,19,9,1096,5744,6010,5066,5133,641,560,950,885,,,14,21,2809,4990,99,142,160,99,104,4057,24,122,58,707,13,742,777,122,867,1,305,529,4519,67,364,69,179,224,4152,73,99,24,68,74,951,600,122,986,546,2,433,366,4174,3804,300,425,390,874,625,63,152,184,128,14,2933,14063,23524,77,7219,5778,390,,,,40,5,138,5754,4621,256,83,,250,270,76,44,,69,11,2214,13649,23524,77,5365,7855,18,0,512,2,13752,23524
2020,37,23,1035,714,155,219,99,18,9,0,8,1209,620,64,186,113,0,1,64,941,561,54,138,65,13,24,11,10,5,8,1,435,2266,3578,22,1126,800,67,162,,,0,2,155,998,1081,774,747,120,82,190,184,,,3,0,437,876,28,55,24,29,22,550,23,7,167,1,2,128,152,28,103,2,29,85,850,45,41,4,61,21,566,12,16,13,11,25,169,108,21,128,120,0,35,65,761,522,34,80,49,170,92,8,34,19,21,3,543,2336,3578,22,1123,1001,44,,,,11,2,24,942,742,26,15,,44,48,11,7,,26,3,366,2230,3578,22,818,1382,4,0,63,0,2267,3578
2020,38,80,5678,6236,1639,2347,1079,157,24,4,64,7343,5369,697,1888,1173,9,12,737,4738,4622,552,1367,748,127,188,118,107,52,32,1,4554,17125,29383,79,7418,7899,613,1261,,,23,32,888,5833,5955,6767,7187,930,923,1657,1527,,,18,32,5161,4587,418,116,174,242,129,5269,1316,17,18,48,304,1129,1295,259,1026,5,378,1248,4405,430,65,370,97,222,5005,211,168,188,102,207,1591,1002,268,1247,918,6,512,999,3776,4633,348,624,387,975,846,104,341,202,156,11,5928,18332,29383,79,6966,10362,423,,,,38,10,135,4716,6576,246,82,,555,475,130,117,,90,21,5074,18051,29383,79,7911,9509,24,0,632,8,18084,29383
2020,39,39,1634,2590,632,1040,206,77,12,7,22,2139,2326,259,913,244,4,1,335,1366,1995,196,649,142,29,58,45,38,10,12,5,1692,6237,10895,38,2188,2793,254,686,,,3,11,485,1566,1472,2746,3578,373,315,732,590,,,6,11,1427,1264,70,53,90,21,43,2772,87,9,16,15,52,371,638,87,204,1,176,445,1199,39,37,110,25,107,2208,30,70,96,41,59,572,488,104,256,317,2,246,404,1100,2053,126,341,84,231,241,30,144,34,68,8,2032,6492,10895,38,1689,3174,88,1099,,,7,4,25,1251,2368,62,551,,57,77,15,98,,28,3,1606,6116,10895,38,3199,2695,3,0,226,1,6123,10895
2020,40,54,4172,4173,1076,1504,612,98,23,2,27,5085,3800,505,1251,637,9,1,393,3744,3379,400,965,409,48,114,61,67,24,16,4,2473,11701,19721,53,5165,4536,513,1003,,,14,11,770,4409,4451,4833,4630,714,558,1110,972,,,5,20,2327,3841,101,163,61,88,110,3603,15,100,97,740,3,737,949,126,523,9,200,554,3719,116,199,12,154,41,3578,129,164,27,56,63,978,742,151,627,550,2,273,434,3499,3378,281,539,249,505,491,65,177,71,95,3,2758,12112,19721,53,6168,4516,192,411,,8,13,5,22,4773,3794,145,265,,140,132,35,68,,34,9,1978,11373,19721,53,5303,6064,12,0,266,1,11643,19721
2020,41,15,303,363,83,122,104,4,5,1,1,375,339,41,97,99,2,0,32,269,282,36,70,58,23,18,8,7,8,6,1,170,995,2133,14,333,366,61,90,,,0,1,105,311,300,374,365,58,63,101,91,,,1,4,244,280,4,8,2,2,4,292,22,56,1,1,1,73,77,11,79,0,27,21,261,2,10,8,5,7,284,2,3,7,9,15,84,63,14,82,39,0,41,20,245,263,39,47,49,32,67,7,19,8,7,1,180,966,2133,14,405,473,67,,,,8,2,24,298,362,32,25,,4,27,8,6,,7,0,219,990,2133,14,453,446,2,0,30,0,929,2133
2020,42,108,7506,8524,3854,3656,1497,165,72,17,73,9317,8353,1916,3149,1617,17,10,986,6403,6614,1575,2233,1063,104,272,284,206,63,58,17,6518,25339,48014,107,8439,9620,2345,2917,,,39,76,1497,7437,7106,8602,8441,2865,2686,3233,2791,,,15,41,6670,5698,322,171,189,161,431,6759,1958,32,60,49,107,2853,2528,357,1374,5,621,1269,5292,557,104,158,175,530,6835,134,276,353,237,88,3199,1923,466,1476,1340,10,798,994,5068,6008,1358,1374,697,1185,1287,321,577,226,150,14,6840,25100,48014,107,9789,11097,3144,,,,177,14,745,6900,7849,1740,516,,327,522,439,352,,270,38,6336,25291,48014,107,11902,11088,27,0,876,16,23909,48014
2020,43,26,1197,1118,445,470,179,28,13,2,14,1440,1029,202,391,199,1,1,202,1043,866,169,294,134,14,23,33,25,4,25,5,858,3493,5783,25,1419,1295,242,341,,,1,17,283,1261,1217,1189,1231,289,252,369,335,,,1,2,1048,1023,25,27,47,12,74,907,32,27,255,8,3,333,292,42,153,1,105,233,962,22,21,125,0,54,933,23,7,17,51,48,391,252,46,165,155,2,139,182,914,847,145,187,90,192,184,28,69,26,71,4,915,3671,5783,25,1849,1293,217,,,,28,4,48,1275,904,133,30,,54,65,31,28,,30,11,917,3476,5783,25,1604,1748,1,0,133,3,3489,5783
2020,44,56,2923,3295,1412,1329,424,63,27,9,39,3612,3129,649,1191,480,5,4,451,2513,2534,542,859,295,36,106,92,55,19,24,6,2470,9551,16880,55,3086,3498,946,1031,,,6,10,711,2947,2768,3411,3413,947,890,1139,1026,,,6,13,2015,2402,60,41,54,127,37,2534,66,753,13,14,113,1087,920,109,423,1,201,336,2380,43,54,51,145,9,2580,37,49,110,114,119,1271,737,139,435,469,0,287,258,2172,2385,496,563,219,435,698,153,185,72,109,7,2349,7891,16880,55,4578,3880,802,,,,143,8,284,3055,2793,468,72,,147,167,125,65,,42,7,2623,9570,16880,55,4554,4470,8,0,307,3,9342,16880
2020,45,37,1817,2340,1062,1093,361,39,21,1,15,2273,2316,533,948,439,1,0,238,1567,1909,456,688,278,35,53,68,48,9,14,8,1637,6770,11717,36,2028,2755,754,898,,,4,12,512,1901,1840,2624,2589,748,674,1018,888,,,14,10,1653,1485,42,147,34,59,51,1963,109,33,612,9,9,784,787,100,373,2,151,247,1427,51,126,10,149,21,1991,118,23,56,66,98,897,625,143,396,395,6,194,191,1308,1818,365,484,191,274,398,86,155,47,59,6,1830,7021,11717,36,1553,4604,345,,,,15,2,25,1237,2987,275,,,107,157,64,,,52,2,1717,6598,11717,36,3439,3027,6,0,149,1,6622,11717
2020,46,81,4861,4518,2948,2996,697,85,55,4,61,6031,4609,1472,2617,829,9,3,658,4145,3568,1209,1887,504,60,114,197,121,38,43,9,4381,16278,30995,80,5399,5734,1720,2225,,,9,25,998,4926,4701,4925,4806,2018,1809,2537,2208,,,23,14,4251,3906,162,119,108,104,281,3572,19,37,46,171,1127,2225,2064,232,666,3,376,900,3612,326,77,108,91,327,3369,138,213,134,226,109,2550,1586,323,719,1025,8,496,676,3470,3172,977,1192,334,697,745,217,396,91,112,4,4820,16228,30995,80,7265,7051,1194,,,,67,5,326,4992,4669,741,234,,236,305,240,156,,85,14,4330,16004,30995,80,7849,7708,16,0,489,1,16066,30995
2020,47,50,3053,3116,1094,1190,457,53,23,3,34,3695,2869,531,992,480,3,1,452,2690,2453,440,728,337,29,74,68,48,19,26,4,2137,9053,16133,49,3616,3373,583,907,,,4,23,663,3143,3038,3353,3112,548,548,860,826,470,583,5,33,1821,2827,51,63,48,42,40,3248,11,13,20,53,51,731,649,191,413,4,246,468,2635,19,207,35,68,42,2537,91,160,86,58,22,918,641,93,437,396,1,323,383,2449,2434,323,500,272,373,326,62,135,86,116,8,2209,9293,16133,49,4678,3872,288,,,,9,6,31,3406,2882,205,,,88,96,48,,,38,14,2159,8936,16133,49,4011,4606,3,0,380,5,9003,16133
2020,48,50,1940,2018,727,881,268,87,13,10,45,2362,1944,322,694,272,6,3,386,1595,1647,258,547,181,30,45,47,35,15,37,4,1588,6029,13623,49,2771,2982,353,627,,,6,15,471,2464,2388,2750,2481,345,348,622,729,275,386,13,18,1631,1959,92,54,82,49,243,2148,10,14,53,418,2,557,468,163,233,1,177,500,1878,115,33,89,75,239,2118,77,64,33,33,64,665,470,68,261,281,5,258,402,1675,2000,216,346,163,367,317,47,140,36,92,7,1925,7331,13623,49,2330,2384,90,,,,2427,29,34,1740,1934,77,,,111,113,56,,,38,28,3192,7325,13623,49,2837,2851,4,0,305,0,5997,13623
2020,49,49,2594,4236,1195,1088,362,58,24,7,24,3243,3924,553,973,429,13,4,454,2191,3397,472,699,262,30,73,62,29,9,31,20,2369,9643,16719,48,3221,4528,560,744,,,4,11,442,2517,2434,4531,4133,886,615,707,695,372,523,7,18,2291,2054,175,47,88,57,51,3432,80,796,10,11,139,833,524,214,329,2,240,457,1983,177,18,154,28,100,3550,57,60,110,144,81,991,527,91,374,399,3,305,391,1849,3138,362,379,199,298,501,71,122,64,53,8,2538,9577,16719,48,3563,5215,619,,,,23,2,17,2658,4020,478,,,80,103,39,,,59,11,2158,9606,16719,48,4948,4274,3,0,205,5,9435,16719
2020,50,28,1347,1269,178,184,179,19,3,1,27,1537,1078,86,149,165,0,0,192,1205,1006,75,104,124,13,35,4,6,3,30,2,632,3239,4791,27,1358,1267,74,118,,,0,5,260,1297,1293,1201,1154,79,84,105,98,151,180,0,2,520,1208,39,6,15,19,8,1034,5,24,138,0,2,117,80,21,133,0,67,169,1200,49,2,38,8,29,1017,24,17,15,15,28,136,81,18,142,70,0,92,101,1150,989,55,66,105,79,88,3,14,17,93,5,516,3183,4791,27,1550,1779,15,,,,38,8,8,1224,1252,12,,,19,12,1,,,15,19,831,3430,4791,27,1337,1729,1,0,146,3,3216,4791
2020,51,36,1929,1596,664,649,297,40,16,4,19,2254,1499,303,581,340,3,1,232,1681,1265,264,422,211,21,33,32,20,9,9,2,1254,5223,10673,35,2126,1712,347,559,,,2,9,498,2055,1864,1567,1430,328,327,498,804,313,375,0,15,924,1663,54,46,103,14,63,1581,2,10,67,8,2,509,363,113,280,1,113,260,1594,77,30,93,16,112,1229,62,38,57,13,35,613,352,60,310,208,6,140,192,1505,1158,215,265,192,216,174,41,85,22,38,2,1280,5298,10673,35,3291,1445,238,,,,19,1,87,2299,1142,165,59,,74,72,51,23,,35,5,1193,5118,10673,35,2289,2627,0,0,195,0,5111,10673
2020,52,51,3193,2757,1347,1262,450,53,25,5,19,3721,2717,586,1156,533,12,2,344,2792,2147,501,815,330,54,66,92,69,22,14,8,2220,9130,17686,50,3490,2731,582,1402,,,4,16,734,3253,2961,2697,2392,581,583,1015,1645,530,697,8,22,1530,2589,65,180,43,95,67,2726,28,96,20,9,9,954,721,293,433,3,226,410,2484,64,176,22,185,42,1973,80,135,25,84,99,1172,690,175,486,447,11,251,357,2299,1825,349,510,293,442,388,86,207,68,69,3,2492,9031,17686,50,6025,2609,476,,,,43,12,132,4078,1939,315,88,,209,166,97,61,,53,9,2149,9367,17686,50,4108,4393,9,0,272,1,8783,17686
2020,53,71,4985,6168,917,824,1189,62,31,7,48,5883,5402,501,784,1111,4,3,489,4446,4993,425,572,827,80,153,55,40,65,35,20,2578,14289,22559,70,5768,5721,587,,,,12,16,1290,4765,4543,5524,5618,420,457,645,541,988,1234,9,34,2017,4179,81,64,202,59,147,4691,5,9,20,116,648,752,436,198,921,0,223,653,3915,135,162,229,14,197,4560,110,138,116,22,50,861,405,125,1021,458,0,333,534,3744,4298,275,243,554,626,557,67,156,215,82,18,2661,13492,22559,70,6667,7132,424,,,,18,6,34,5102,5847,328,,,139,130,51,,,77,46,2785,14506,22559,70,6811,7279,13,0,510,10,14622,22559
2020,54,61,4624,4470,1003,820,1037,103,42,5,53,5331,4091,463,791,1008,4,2,467,4153,3675,399,529,750,61,95,78,43,44,15,3,2330,12175,22781,60,5591,5068,639,,,,11,10,1452,4767,4588,4870,4557,464,530,666,643,955,1212,4,20,2267,4005,148,58,108,71,370,3844,606,12,30,173,22,767,444,253,905,1,210,706,3578,878,38,102,98,257,3858,56,97,84,119,35,825,445,152,929,294,1,409,486,3492,3535,308,264,589,810,629,83,162,178,92,7,2685,12835,22781,60,5791,5375,562,,,,54,7,49,4239,4147,330,,,194,192,77,,,81,3,2657,11920,22781,60,5355,6207,11,0,430,2,12012,22781
2020,55,46,3020,3120,666,619,1058,122,28,6,102,3587,2819,299,546,971,4,0,416,2634,2588,239,381,770,23,71,36,28,36,31,8,1884,8733,14362,45,3119,4389,267,,,,8,11,1048,3079,2853,3414,2993,232,272,460,416,882,1213,9,26,1842,2572,46,178,26,82,58,2623,143,507,3,7,9,457,309,141,824,3,230,641,2453,124,189,25,189,20,2565,92,37,76,87,56,556,288,98,877,284,3,309,516,2286,2437,140,158,480,348,426,45,110,219,130,12,2196,8983,14362,45,4001,4263,240,,,,36,2,47,2977,3220,143,,,67,110,22,,,98,11,2040,8621,14362,45,3805,4500,14,0,388,15,8658,14362
2020,56,23,1312,1353,276,259,235,18,4,2,11,1464,1305,112,226,225,1,2,134,1195,1204,102,164,178,11,26,23,4,14,8,1,549,3479,5555,22,1420,1513,158,,,,2,2,403,1295,1288,1698,1383,87,123,173,138,190,286,3,6,332,1293,8,21,12,8,8,1253,134,6,2,5,38,168,116,51,189,1,52,135,1156,6,61,12,23,18,1244,21,15,38,26,15,204,105,31,216,118,0,58,133,1084,1208,60,61,133,131,119,20,35,31,20,2,618,3522,5555,22,1597,1730,71,,,,1,1,6,1265,1419,40,,,54,51,14,,,5,3,563,3414,5555,22,1576,1748,1,0,80,0,3405,5555
2020,57,25,1484,1718,322,372,205,27,5,2,13,1652,1657,143,296,239,2,0,160,1326,1524,118,218,163,11,25,28,16,5,10,2,715,4161,6510,24,1603,1836,174,,188,,1,4,318,1436,1414,2068,1723,104,144,220,198,170,307,0,4,484,1256,8,208,5,13,11,1533,15,3,9,38,186,209,157,77,178,0,87,143,1259,37,52,5,60,4,1496,27,51,29,26,44,261,149,59,202,132,2,95,146,1186,1450,67,103,133,144,184,22,43,19,32,2,785,4173,6510,24,1868,2153,92,,,,2,0,9,1420,1784,54,,,48,41,20,,,14,4,757,4142,6510,24,2029,1976,2,0,137,5,4147,6510
2020,58,46,2878,3055,1080,1126,407,62,19,4,34,3537,2746,541,946,462,3,3,425,2495,2353,463,678,295,55,84,51,31,11,23,1,2149,8689,15129,45,2944,2939,405,1605,,,4,23,420,2778,2733,2959,2699,482,502,861,872,392,585,6,18,1744,2507,31,66,52,43,42,2153,36,594,9,19,111,780,602,221,349,3,134,573,2381,56,149,39,57,33,2331,29,21,86,61,44,1013,586,103,381,317,3,190,440,2092,1988,297,462,218,332,378,59,115,57,49,4,2339,8390,15129,45,4788,3375,324,,,,14,2,86,2982,2396,211,26,,213,176,61,47,,17,4,2450,8583,15129,45,4283,3941,10,0,333,2,8569,15129
2020,59,46,3181,3431,1444,1280,453,62,14,10,60,3842,3229,727,1025,516,3,1,580,2745,2871,649,791,324,25,65,54,34,17,37,7,2362,9981,16528,45,3127,3763,998,1038,,,6,18,856,3060,3293,3931,3535,648,703,808,779,477,696,4,16,1653,2668,65,60,54,149,39,3127,536,6,18,94,28,1005,603,189,411,2,174,571,2671,35,73,53,150,12,3229,19,70,51,59,15,1310,564,105,439,306,3,214,436,2430,3012,505,431,308,265,287,60,145,47,140,15,2319,9962,16528,45,3865,5377,402,,,,16,3,52,2746,3895,345,,,116,181,55,,,38,9,2348,9734,16528,45,4706,4843,9,0,319,3,9880,16528
2020,60,34,1486,1526,755,862,503,35,7,4,15,1844,1491,378,801,551,0,1,127,1250,1190,314,593,394,16,48,56,35,17,4,1,1280,5198,10785,33,1372,1637,468,852,,,4,32,711,1330,1288,1690,1475,380,428,738,680,583,828,0,20,676,1075,31,31,28,82,11,1119,450,4,12,58,22,617,519,176,511,1,95,223,1057,27,47,36,107,6,1198,14,39,79,61,15,664,509,105,551,269,3,141,137,931,1044,262,401,379,195,250,46,127,52,29,1,1348,5065,10785,33,1388,3404,258,414,,,10,1,11,1099,2273,174,287,,64,62,46,71,,24,2,1407,5509,10785,33,2484,2838,14,4,143,2,5485,10785
2020,61,123,8496,7973,4517,4270,2085,187,98,19,68,10372,7841,2113,3776,2387,22,12,1127,7131,6055,1738,2722,1599,127,248,340,204,67,62,31,7405,27729,56919,122,7693,9028,2224,3400,2418,,13,54,1201,7404,6967,8541,7523,2121,2505,3449,3166,2684,3623,21,82,3975,5731,227,200,538,69,306,5853,44,63,375,99,1848,3419,2417,979,2175,8,621,1059,5368,172,211,587,56,507,5907,291,370,405,88,85,3874,2391,531,2365,1276,7,747,782,5092,5370,1402,1752,1764,1093,1223,287,702,135,240,51,7203,26318,56919,122,7341,16745,1435,1673,,,61,10,55,6064,10972,958,1175,,344,309,269,365,,188,27,6893,27564,56919,122,12598,13978,31,0,1067,12,27686,56919
2020,62,77,4876,4614,2820,2406,1403,116,53,4,46,6044,4568,1301,2200,1668,15,4,541,4110,3582,1070,1514,1091,77,134,189,119,34,26,6,4407,16366,30178,76,5142,5288,1940,,1766,,11,18,1852,4624,4273,5285,4542,1265,1535,1957,1783,1858,2590,13,36,2504,3640,122,325,70,190,107,4883,239,75,19,47,30,2037,1338,597,1489,6,310,605,3389,141,357,66,329,50,3463,306,71,163,167,149,2354,1336,320,1736,856,4,429,440,3170,3290,852,856,1180,684,739,174,383,100,102,30,4701,16260,30178,76,4370,9968,795,966,,,26,4,37,3567,6454,535,655,,198,238,163,241,,112,12,4120,16299,30178,76,7479,8352,10,0,579,7,16429,30178
2020,63,52,3581,3574,1346,1489,902,75,33,6,21,4240,3446,611,1306,1047,2,3,367,3138,2958,519,987,721,37,101,92,53,18,22,4,2403,11053,20730,51,3675,4582,763,,929,,7,12,836,3329,3212,4083,3673,559,664,1126,1017,982,1341,7,22,1807,2872,68,178,18,112,64,3132,15,17,138,687,6,909,752,340,901,1,188,408,2809,58,180,38,138,34,3044,127,99,86,33,107,1109,757,167,979,445,3,273,319,2650,2896,369,493,716,348,447,82,218,70,68,10,2517,10884,20730,51,2895,7257,623,,,,15,3,28,2540,5241,458,,,106,93,63,,,92,14,2320,10927,20730,51,5062,5568,11,0,287,0,10928,20730
2020,64,31,1705,1930,743,724,383,25,8,3,11,2085,1878,338,674,420,2,2,132,1516,1624,296,491,292,32,46,39,19,19,12,4,1157,5547,10652,30,1729,2382,713,,,,4,11,725,1693,1634,2251,2270,538,416,640,,,,7,9,1671,1368,110,22,59,22,32,1761,19,100,308,2,10,554,410,142,400,0,108,140,1326,101,28,101,13,57,1723,61,50,22,66,79,590,420,84,422,194,1,127,103,1269,1652,260,255,258,210,234,46,92,45,51,7,1247,5627,10652,30,1357,3626,392,,,,11,4,13,1197,2742,304,,,57,39,28,,,46,4,1035,5452,10652,30,2670,2674,4,0,115,2,5465,10652
2020,65,57,4567,5034,964,1176,412,62,22,5,21,5174,4756,454,972,480,1,3,423,4165,4437,397,749,286,40,99,34,51,14,30,5,1990,12299,20172,56,4494,5926,642,,,,16,5,950,4447,4331,5550,5760,565,444,810,,,,6,2,2151,4011,43,132,55,21,109,4716,16,42,140,33,525,601,609,100,370,0,217,295,3860,100,182,27,85,39,4815,81,60,52,15,34,829,494,128,426,335,0,260,215,3635,4609,279,314,207,431,437,50,122,46,69,9,1902,12110,20172,56,4118,7927,213,,,,9,13,65,3549,6249,132,25,,217,217,46,21,,35,32,1885,12408,20172,56,6039,6116,6,0,343,1,12505,20172
2020,66,54,4827,3713,751,1036,264,40,20,2,32,5297,3556,349,858,300,4,1,315,4450,3272,284,648,184,46,47,25,42,8,31,3,1678,10716,18152,53,4667,4828,493,,,,34,8,723,4849,4861,4079,3973,466,298,813,,,,14,17,2320,4328,69,121,66,59,53,3398,7,15,120,22,449,504,593,126,263,0,227,445,3973,97,303,40,76,53,3664,60,33,54,4,27,587,440,109,306,417,0,315,312,3750,3273,177,256,112,523,313,44,162,38,71,9,2216,10944,18152,53,6142,4280,293,,,,18,3,152,4902,3542,203,,,133,85,40,,,52,5,1875,10835,18152,53,4596,5787,15,3,327,4,10728,18152
2020,67,48,3356,3293,1023,1227,529,52,40,6,47,3915,3085,418,1014,605,7,0,442,2855,2676,340,753,399,39,62,56,57,18,40,10,2309,9622,16037,47,3569,4101,736,,,,1,23,1059,3402,3186,3503,3484,692,505,930,,,,8,18,3244,2909,56,51,63,147,34,2732,26,85,64,531,5,648,562,247,515,1,294,523,2693,40,96,55,197,190,2864,67,66,25,34,60,789,514,129,531,344,1,378,403,2528,2622,270,317,268,382,357,71,159,97,114,10,2420,9615,16037,47,4591,4836,300,,,,21,10,32,3126,3507,205,,,85,65,46,,,63,8,2725,9830,16037,47,4351,4842,6,0,418,2,9619,16037
2020,68,39,2296,2268,539,642,219,32,5,7,18,2590,2160,251,544,268,3,1,209,2063,1947,199,402,164,17,47,30,23,7,12,13,1127,6051,11073,38,2225,2545,591,,,,11,4,624,2276,2168,2509,2465,353,238,494,,,,1,6,1497,2043,30,39,26,71,22,2305,37,13,3,9,114,345,355,61,213,0,140,174,1900,18,37,27,81,114,1971,17,73,48,32,52,406,296,93,257,245,1,174,155,1774,1893,136,189,127,215,263,37,83,26,55,5,1259,6062,11073,38,2236,3492,160,,,,7,8,21,1796,2566,112,,,50,74,29,,,54,9,1297,5987,11073,38,2800,2979,3,0,239,0,6021,11073
2020,69,51,3117,3784,1542,1811,545,69,25,3,45,3931,3629,717,1538,665,10,3,439,2722,2994,596,1195,396,49,88,85,66,17,24,3,2715,10967,18923,50,3727,4298,1252,,,,13,13,1447,3268,3400,4261,3905,1102,794,1557,,,,18,11,3211,2587,226,55,141,58,41,3146,10,25,31,725,6,1215,1145,152,538,5,283,365,2438,292,33,146,19,53,3086,166,63,33,32,161,1274,908,269,606,544,5,356,261,2320,2876,504,586,289,332,383,92,260,56,93,4,2860,10886,18923,50,6447,3696,521,,,,23,7,109,3991,2763,310,65,,387,220,109,89,,51,6,2841,10877,18923,50,5670,4623,16,0,268,2,10579,18923
2020,70,51,3991,4120,921,1204,287,54,17,1,26,4544,3959,406,1024,354,7,1,290,3668,3587,348,793,210,32,65,55,37,12,22,3,1806,10633,16683,50,3776,5319,539,,,,5,8,866,3922,4364,4462,4358,566,360,874,,,,3,12,2088,3515,70,43,41,134,56,3749,24,25,582,7,9,655,556,260,266,0,165,372,3449,27,97,71,146,46,3684,45,19,23,123,79,753,509,162,305,485,4,228,270,3196,3525,229,294,143,376,367,63,178,36,95,3,2105,10611,16683,50,4990,5347,210,,,,6,3,12,4008,4412,164,,,110,73,41,,,28,6,1754,10596,16683,50,5132,4987,8,22,316,0,10443,16683
2020,71,19,1171,625,273,370,102,15,5,0,8,1352,625,111,290,115,3,0,73,1069,533,92,225,65,12,7,28,20,7,4,1,511,2574,3952,18,1137,887,106,287,,,4,5,137,1179,1353,717,683,166,100,292,,,,3,2,627,1045,21,13,19,29,9,550,3,165,0,1,3,191,195,86,95,1,49,90,1020,17,11,12,42,5,554,4,5,22,17,16,227,176,41,95,156,1,81,62,940,507,60,104,52,119,63,20,60,14,16,1,628,2584,3952,18,1493,971,66,,,,2,1,4,1203,722,49,,,22,10,21,,,3,1,510,2541,3952,18,968,1507,0,0,77,0,2552,3952
2020,72,68,5940,4898,1255,2052,566,86,20,8,30,6886,4721,554,1638,636,3,3,414,5456,4153,466,1303,416,69,97,88,71,20,12,5,2716,14872,25083,67,5387,5845,512,1223,,,6,11,599,5398,5553,4982,4762,804,541,1522,,,,4,8,3592,4682,111,101,220,53,127,3752,57,123,37,838,10,851,1033,350,527,1,192,519,4471,88,97,299,28,225,3857,89,86,40,38,129,1038,926,224,636,626,2,242,445,4306,3610,297,679,285,574,503,85,262,66,74,8,2920,13668,25083,67,9016,5971,475,,,,24,3,35,7073,4714,350,,,112,149,77,,,61,28,3048,15613,25083,67,6639,8362,4,0,368,17,15390,25083
2020,73,59,4667,5083,1347,2000,478,63,18,5,38,5374,4986,677,1646,575,4,2,434,4318,4385,566,1350,370,53,94,85,88,12,31,7,2377,13736,21803,58,4383,5917,498,1254,,,8,16,525,4250,4898,5042,4811,870,612,1500,,,,9,17,3190,3803,84,60,57,133,56,3918,13,142,26,769,8,964,1135,313,422,3,176,521,3710,42,66,52,253,23,3910,129,118,21,51,128,1172,908,279,487,590,0,230,427,3447,3665,331,572,203,388,562,88,319,57,55,8,2965,12660,21803,58,7336,5968,532,,,,30,6,119,5830,4756,347,83,,86,181,148,85,,49,16,2474,14052,21803,58,7050,6413,5,0,201,6,13675,21803
2020,74,46,2657,3007,810,1101,300,65,7,2,25,3087,2975,373,891,329,6,0,308,2377,2594,327,698,215,29,61,50,45,10,12,2,1568,7988,13867,45,2534,3693,280,1159,,,3,9,275,2570,2740,3289,3188,466,349,844,,,,0,6,2510,2286,38,35,101,12,66,3171,8,8,17,68,11,555,666,108,260,3,160,417,2200,51,20,157,10,72,2674,76,70,39,59,6,677,591,110,270,319,11,205,373,2076,2578,176,405,129,285,317,53,129,55,32,2,1788,8025,13867,45,2910,4517,170,301,,,7,0,71,2397,3417,128,189,,58,116,41,48,,45,2,1584,8025,13867,45,3895,3709,8,0,235,2,7850,13867
2020,75,38,2269,3042,966,1022,366,46,19,6,11,2736,2970,424,906,474,2,4,209,1999,2591,349,643,288,31,66,56,42,13,10,2,1667,7760,14376,37,2945,3372,609,,,,2,6,749,2304,2179,3493,3434,584,372,826,,,,3,2,2170,1806,130,32,186,31,63,3103,8,26,173,51,13,598,597,122,347,1,151,246,1735,143,94,135,22,60,2560,124,53,87,11,99,709,487,150,444,378,0,203,190,1653,2427,227,281,188,304,412,57,133,73,38,4,1929,7726,14376,37,2199,5161,238,,,,26,4,72,1770,3716,192,,,80,128,43,,,62,3,1738,7733,14376,37,3978,3541,5,0,236,2,7762,14376
2020,76,71,5062,4334,2919,2728,737,84,30,5,42,6226,4399,1413,2407,958,11,1,526,4341,3442,1214,1715,574,63,96,219,126,26,32,4,4125,16167,28812,70,5093,5438,2243,,,,11,18,2202,4664,4688,5150,4419,1952,1419,2586,,,,12,31,5088,3636,189,108,110,80,335,3080,171,47,1156,14,29,1970,1873,309,824,3,445,633,3433,357,62,118,72,260,3051,236,31,70,100,201,2058,1517,421,853,1116,1,590,459,3239,2825,851,890,414,663,693,243,442,97,107,6,4660,15129,28812,70,5660,8611,1116,,,,78,6,402,4205,5447,737,211,,265,348,225,149,,128,15,4193,15933,28812,70,7540,7889,19,0,510,9,15967,28812
2020,77,77,4123,5501,2836,2993,808,104,40,15,72,5248,5497,1241,2671,1135,12,26,662,3314,4287,1017,1918,604,55,171,190,147,36,65,11,4719,16534,30984,76,3830,7536,2042,,,,18,16,2534,3584,3436,7997,6302,1591,1212,2590,,,,13,18,5220,2832,85,77,218,54,138,5993,56,221,79,22,35,1893,2019,298,848,4,398,716,2650,106,60,255,45,267,4381,186,250,53,177,253,2054,1589,492,931,1092,5,521,618,2490,4182,703,911,420,522,816,201,480,114,132,10,5148,16127,30984,76,2523,12397,897,,,,31,11,339,2140,7841,600,210,,222,315,170,178,,124,16,4505,16321,30984,76,8615,7095,19,0,617,14,16358,30984
2020,78,49,2780,3319,1083,1171,395,52,20,7,35,3393,3191,492,948,479,10,5,345,2410,2751,422,727,268,40,60,50,35,18,21,4,2085,8886,17658,48,2955,3830,773,,,,7,11,1250,2812,2708,3619,3656,933,485,865,,,,16,18,2549,2294,133,49,48,60,158,2875,109,651,6,8,15,681,530,239,372,2,217,387,3108,58,11,51,24,71,2683,61,38,69,95,56,710,515,101,364,327,1,344,145,2115,2582,312,345,191,322,473,67,162,50,48,4,2213,8884,17658,48,2507,5742,551,,,,10,7,25,1992,4100,383,,,93,79,42,,,40,3,2144,8876,17658,48,4445,4467,7,0,366,17,9302,17658
2020,79,66,4585,4676,2109,1621,806,97,55,10,48,5524,4561,922,1464,1007,5,4,509,3911,3729,759,1007,595,60,98,121,71,27,27,5,3621,14029,27013,65,5044,5746,1321,,,,14,17,1697,4488,4262,5254,5820,1223,941,1470,,,,4,17,4207,3516,296,48,186,77,81,3681,228,94,1013,26,22,1455,810,460,792,1,426,634,3314,243,336,232,40,102,3742,149,59,63,204,142,1616,791,286,842,691,3,547,455,3117,3459,533,447,373,634,601,151,259,124,73,13,4143,13938,27013,65,5228,7620,641,,,,26,14,249,3889,5277,424,141,,174,211,119,94,,113,16,3464,13922,27013,65,6565,6922,9,0,472,5,13973,27013
2020,80,43,2540,2968,869,612,236,41,24,9,31,2988,2799,436,512,311,4,3,276,2212,2475,367,349,174,35,55,49,29,6,16,4,1570,7343,13161,42,2503,3043,517,,,,10,12,649,2173,2070,2908,3704,451,474,400,,,,12,22,1264,1945,48,57,35,33,38,2332,85,35,466,9,23,588,238,142,220,2,158,306,1712,135,196,20,58,29,2450,36,23,42,48,57,717,236,78,242,248,2,194,231,1542,2251,273,126,112,400,265,67,80,32,37,2,1600,6792,13161,42,855,4886,294,,,,1251,4,39,626,3456,217,,,1163,133,45,,,43,1,1698,7382,13161,42,3420,3167,1,0,189,6,6783,13161
2020,81,62,3263,2497,1517,1433,722,60,15,9,61,3913,2434,822,1233,748,1,10,395,2871,1881,719,923,494,37,56,91,66,22,16,109,2424,9651,19059,61,4198,2937,947,1502,747,,7,61,326,4515,3894,2666,2623,1216,1025,1334,1610,,,9,22,2420,3341,107,94,50,67,182,2110,23,695,6,23,112,1323,900,291,663,3,216,420,3167,202,39,88,55,215,2109,26,92,97,168,124,1378,886,188,702,458,49,336,296,3069,1963,676,651,398,408,380,92,240,103,79,9,2689,10757,19059,61,5429,1200,1150,,,2228,25,5,174,4298,1002,839,118,,91,221,104,71,,55,10,3461,10270,19059,61,4187,4883,8,0,235,0,9311,19059
2020,82,75,4330,4896,3735,2995,1079,109,37,7,40,5578,5337,1705,2842,1336,15,3,413,3694,3856,1414,1875,792,62,151,325,202,36,25,2,4821,17254,30698,74,4337,6171,2307,2849,1136,,10,47,567,4489,4488,5490,5282,2831,1941,2781,3727,,,20,35,3766,3254,231,114,156,97,279,3690,62,1489,29,41,309,2838,2564,371,1094,2,287,521,2945,427,78,85,69,347,4189,52,110,136,68,460,2601,2039,607,1196,1286,4,435,294,2767,3418,1127,1383,584,826,854,341,553,149,101,9,5422,17534,30698,74,6081,8026,2389,,,,51,8,422,4424,6060,1514,328,,139,253,313,178,,137,12,3767,17126,30698,74,8750,7872,13,0,427,1,17060,30698
2020,83,123,8833,8424,5658,5188,1646,188,71,11,64,10943,8784,2640,4652,2100,23,6,959,7621,6638,2208,3351,1189,119,290,438,280,70,150,54,7879,30287,58107,122,8441,9692,3252,5829,,,31,63,2277,8618,8873,8755,8633,3856,2898,5928,4671,,,27,47,6872,7050,202,310,173,476,171,6263,109,2175,81,55,428,4193,4180,524,1643,4,615,988,7088,145,183,122,504,62,6405,70,132,760,153,462,4127,3386,795,1755,1912,9,851,682,6245,5778,1814,2527,926,1167,1403,409,912,192,222,15,8225,29841,58107,122,12697,12344,3911,,,,44,23,814,9283,9317,2456,665,,280,363,512,304,,304,79,6662,30225,58107,122,14523,14698,15,0,904,9,30150,58107
2020,84,79,5318,4012,2790,2390,1286,69,37,5,49,6441,4205,1188,2194,1426,10,4,482,4589,3057,971,1512,906,80,91,215,121,44,40,7,4364,15997,27877,78,6234,4521,1429,2225,1189,,5,45,418,5720,5781,4057,3898,1896,1331,2807,2051,,,16,22,4551,4313,344,114,169,154,175,2615,1173,36,42,37,253,2281,1895,285,1147,2,335,695,4046,469,49,368,142,142,2549,86,164,470,81,305,1999,1512,455,1284,958,3,425,558,3751,2350,734,1033,629,850,754,193,375,156,102,8,5240,16175,27877,78,10766,3313,1249,,,,33,4,336,6955,2537,757,265,,255,262,273,139,,96,17,4258,15814,27877,78,7061,8355,11,0,399,2,15827,27877
2020,85,14,406,434,135,154,47,8,1,2,5,494,420,52,120,52,0,1,53,342,369,45,94,32,3,9,5,6,1,4,1,284,1195,2403,13,406,593,86,,,,0,9,147,407,404,486,471,132,64,107,,,,0,4,410,328,26,5,7,6,17,388,1,0,3,16,93,90,76,25,37,0,36,88,477,10,3,4,0,17,365,5,13,9,15,5,78,63,11,35,32,0,74,28,302,351,35,43,21,47,67,9,21,1,8,9,344,1259,2403,13,352,779,57,,,,0,1,4,261,557,41,,,20,16,7,,,7,3,291,1203,2403,13,546,646,1,0,32,1,1226,2403
2020,86,39,2522,2365,1058,1172,410,64,13,3,22,3041,2269,497,1028,533,3,0,258,2209,1944,411,738,308,38,59,87,59,12,15,4,1764,7648,13586,38,2840,2540,902,,,,11,7,1341,2439,2577,2515,3077,622,442,846,1039,,,9,18,1595,1886,120,33,60,50,266,2096,497,9,8,61,24,718,635,272,407,2,189,284,1846,141,10,164,90,64,1978,43,71,152,62,17,789,661,178,445,401,1,260,236,1719,1846,290,420,217,415,299,81,196,43,43,2,2109,7680,13586,38,3498,3538,371,,,,19,0,8,2565,2645,292,,,116,109,71,,,39,8,1637,7482,13586,38,3321,3832,10,0,276,1,7440,13586
2020,87,38,3165,2770,866,1115,307,56,22,2,42,3744,2602,409,924,373,5,3,276,2854,2306,339,707,214,25,67,35,38,9,32,5,1728,8358,14740,37,3189,3312,717,,,,6,22,1069,3165,3388,2958,3396,449,318,749,913,,,8,34,1246,2914,38,92,28,56,59,2555,10,7,66,19,442,532,572,212,270,2,138,300,2649,43,149,19,126,78,2445,55,188,60,20,23,664,524,161,284,380,26,166,256,2554,2320,203,381,133,309,284,41,154,52,69,6,1878,8383,14740,37,4171,3929,211,,,,16,9,28,3272,3111,166,,,99,65,35,,,31,5,1606,8390,14740,37,3676,4483,5,0,211,9,8385,14740
2020,88,61,4328,4198,1713,1703,1157,87,33,8,29,5176,4089,770,1522,1275,17,3,404,3842,3481,650,1166,894,57,99,101,91,36,21,4,2839,13281,24267,60,5203,4624,1459,,,,9,15,2283,4613,4552,4775,4629,1074,849,1874,1490,,,11,38,3291,3873,55,76,67,100,102,4559,140,34,20,18,24,1225,1322,177,1119,1,284,402,3705,40,214,164,89,58,3642,110,39,86,218,62,1270,1116,231,1196,656,9,403,290,3477,3515,539,784,657,451,468,97,290,145,83,1,3175,13684,24267,60,5319,6908,817,,,,13,3,22,4236,5503,623,,,99,125,73,,,65,9,2424,13157,24267,60,6005,6693,9,0,343,0,13050,24267
2020,89,52,4615,2835,1357,1487,872,70,29,1,37,5292,2730,651,1292,1005,2,3,328,4097,2262,544,955,641,63,75,92,68,43,16,4,2463,11323,20008,51,5810,2843,1258,,,,13,11,1506,5204,4933,3075,2760,911,692,1526,1116,,,17,36,2639,3932,301,64,143,97,196,2057,765,10,30,122,23,986,791,428,809,1,240,442,3641,281,25,244,456,102,2258,44,81,59,98,23,1058,803,256,858,571,2,335,286,3500,1950,413,498,365,706,364,118,242,139,89,8,3190,11580,20008,51,6954,3027,1047,,,,30,8,167,5245,2295,641,117,,158,159,112,91,,76,9,2473,11376,20008,51,4495,6794,4,0,285,0,11555,20008
2020,90,20,683,928,237,288,294,12,1,1,6,847,862,100,243,295,1,1,83,570,742,78,182,212,11,22,10,8,8,4,3,605,2455,4395,19,606,1018,194,,,134,8,6,419,703,648,968,908,164,110,241,300,,,5,2,724,512,19,14,45,8,23,740,3,7,18,9,185,188,175,71,230,0,35,101,502,18,20,45,4,40,775,26,21,17,1,13,208,162,47,230,114,0,81,61,432,700,66,117,134,100,98,16,50,31,28,0,605,2414,4395,19,1219,951,199,,,,8,2,38,848,779,120,27,,29,35,20,15,,22,4,544,2443,4395,19,1176,1137,2,0,115,0,2430,4395
2020,91,48,2784,2687,844,617,291,53,9,4,41,3263,2439,415,538,386,4,0,283,2488,2158,357,376,205,27,58,42,24,14,18,2,1581,7350,13391,47,2821,3141,586,,,,5,12,759,2890,2846,2701,2643,519,458,496,677,,,2,40,1394,2399,64,64,37,42,136,2126,25,90,17,480,6,641,361,138,288,0,158,253,2358,96,39,52,34,108,2279,64,55,21,32,44,696,346,69,330,309,2,212,173,2242,2051,291,261,130,283,301,47,69,44,79,4,1608,7410,13391,47,3418,3264,504,,,,19,0,18,2611,2498,325,,,79,65,27,,,44,5,1617,7271,13391,47,3236,3682,2,0,308,0,7228,13391
2020,92,29,2297,2338,514,309,144,23,8,4,18,2532,2178,284,247,191,2,2,219,2090,2036,250,195,94,15,36,29,19,12,21,4,875,5676,8842,28,2251,2566,329,,,,3,4,399,2269,2274,2371,2233,277,479,236,176,,,0,18,777,2079,25,28,23,22,31,2087,200,2,23,20,9,379,170,49,128,0,78,224,1994,21,85,28,36,30,2102,16,58,17,18,3,423,141,38,151,110,22,113,148,1893,2029,198,100,61,215,135,32,35,17,59,11,837,5622,8842,28,2762,2554,176,,,,0,0,12,2255,2132,128,,,47,71,24,,,17,6,846,5526,8842,28,2856,2861,4,38,273,3,6035,8842
2020,93,67,5384,5994,1317,1463,588,69,14,6,41,6080,5623,607,1147,792,8,4,546,4781,5099,519,869,421,49,133,81,81,14,39,8,2888,14936,25731,66,5109,7954,625,,,,6,13,1022,5129,5002,6871,6570,649,537,1117,778,,,10,36,2757,4495,76,86,46,154,54,5688,11,54,147,668,12,878,762,144,509,3,249,699,4455,125,65,44,157,19,5558,221,95,85,55,84,990,616,131,562,580,4,324,562,4179,5425,309,339,237,397,560,85,193,70,105,15,2869,14853,25731,66,4725,9613,349,,,,18,9,315,4070,7112,206,51,,186,201,84,88,,59,13,2799,14869,25731,66,7190,7150,7,0,546,5,14898,25731
2020,94,90,5834,6945,2389,2244,1945,102,41,11,68,7144,6460,1073,1956,2025,13,8,889,4947,5268,859,1337,1334,94,215,171,85,69,59,11,5192,19641,35798,89,5660,8466,1455,,,1472,16,78,2183,5961,5715,8477,7105,1440,1045,1457,2023,,,26,17,5384,4348,452,82,183,120,200,5159,65,328,62,1780,31,1598,1584,213,1567,2,446,1115,4103,434,29,381,274,191,5250,595,278,59,97,228,1841,1057,374,1708,930,3,651,846,3713,4732,593,556,639,966,1075,190,413,315,139,11,6127,19481,35798,89,9270,8575,1241,,,,47,16,306,6291,6296,696,214,,191,384,225,147,,126,29,5019,19621,35798,89,9269,9566,16,0,863,7,19762,35798
2020,95,47,2933,2954,720,908,1093,52,25,4,14,3527,2689,349,775,1035,4,0,330,2563,2348,282,584,786,39,57,42,32,40,19,4,1936,8726,16390,46,3196,4105,472,,,876,8,39,1142,3622,3611,3991,3646,466,331,657,832,,,10,15,2500,2846,88,81,153,38,113,3078,614,5,9,19,31,505,454,249,965,2,229,364,2767,91,62,217,12,147,3032,37,62,144,52,20,588,474,123,957,452,1,336,273,2453,2877,192,291,456,583,386,55,167,189,77,13,2197,9936,16390,46,3644,4480,339,,,,30,2,36,2896,3438,242,,,88,58,25,,,41,5,1783,8576,16390,46,3858,4606,4,0,227,2,8697,16390
2020,96,24,986,1285,310,412,124,100,17,6,29,1126,1166,177,357,155,10,0,276,851,1018,135,210,97,20,17,6,18,2,35,4,893,3306,6021,23,977,1370,328,,,,11,2,496,1052,948,1214,1164,213,180,397,323,164,,12,10,690,873,28,26,20,20,30,1240,9,1,5,6,9,221,198,105,130,2,100,161,847,25,27,39,12,33,1011,16,19,28,17,12,309,200,40,125,128,4,128,159,820,993,124,129,80,64,80,14,62,22,85,9,799,3282,6021,23,1562,1348,100,,,31,212,4,25,978,907,50,,,25,49,18,,,17,4,1252,3295,6021,23,1794,1277,3,0,186,3,3266,6021
2020,97,15,395,371,96,206,49,20,3,2,9,444,336,57,183,53,0,0,78,346,281,40,146,35,8,8,6,3,1,13,0,277,1164,1747,14,420,376,86,,,,16,0,219,437,379,344,340,56,51,175,204,59,,0,4,197,358,11,4,4,3,5,295,4,3,50,0,3,70,130,38,56,2,36,51,344,21,1,7,7,6,310,7,4,0,5,10,68,149,11,51,32,0,39,49,332,282,33,113,32,39,29,2,22,7,38,0,230,1159,1747,14,570,558,28,,,,5,0,2,406,342,6,,,14,13,10,,,5,3,367,1161,1747,14,542,564,0,0,53,0,1159,1747
2020,98,33,1785,1526,425,527,524,43,18,2,33,2173,1248,192,446,530,1,1,292,1451,1036,150,315,367,38,46,17,19,19,31,3,1419,4917,9126,32,1918,1809,326,,,,1,6,848,2044,1662,1401,1292,232,196,568,414,581,,1,27,1411,1429,61,48,50,102,37,984,25,385,8,10,50,347,281,109,481,1,199,364,1443,54,54,58,160,12,999,17,19,49,73,55,393,284,69,477,215,1,242,291,1237,905,113,188,264,233,208,35,84,71,75,6,1574,4991,9126,32,3243,1505,162,,,,15,18,19,2084,1050,117,,,89,61,18,,,29,8,1533,4989,9126,32,1765,2707,2,0,245,0,4719,9126
2020,99,53,3630,2563,1210,1376,857,108,76,5,45,4362,2343,577,1196,938,8,8,438,2983,1805,445,826,594,67,57,74,45,23,22,2,2951,9894,21847,52,4407,3185,1120,,,,16,18,1625,4311,3677,2565,2369,803,596,1481,1129,982,,12,51,2789,3134,159,135,149,219,58,1687,33,36,108,38,782,1007,724,340,755,2,307,684,3046,127,159,108,334,27,1802,121,71,79,34,56,1088,718,179,817,625,4,431,563,2707,1583,366,450,406,466,338,97,225,100,131,14,3645,10528,21847,52,6139,1706,798,,,,926,5,168,4177,1297,473,85,,230,138,92,80,,61,10,3161,9804,21847,52,3700,5162,4,0,348,0,9214,21847
2020,100,42,2186,2085,688,794,575,61,15,3,28,2590,1959,338,703,595,2,1,247,1877,1644,269,513,401,29,54,41,37,19,18,2,1547,6451,13231,41,2541,2552,667,,,,4,4,997,2436,2251,2370,2368,443,339,692,821,627,,3,24,1159,2046,22,62,38,37,48,1889,46,36,404,11,13,566,479,184,531,0,133,222,1955,32,98,46,50,36,1862,40,62,28,74,70,612,471,83,562,339,1,130,180,1800,1771,238,313,307,224,293,40,132,64,49,2,1584,6816,13231,41,2717,3347,239,,,,10,1,14,2208,2626,179,,,40,41,30,,,27,16,1203,6370,13231,41,2852,3402,4,0,141,2,6401,13231
2020,101,26,855,1070,349,361,301,22,3,2,18,1081,993,166,319,305,2,1,114,690,839,135,230,213,12,27,31,16,11,7,4,776,2992,5888,25,984,1350,389,,,,8,10,603,938,876,1326,1315,258,188,335,390,334,,5,11,718,706,76,19,35,23,22,991,39,16,288,4,9,304,219,104,273,0,75,134,656,98,9,56,8,46,1095,40,12,12,23,35,313,202,45,298,183,1,101,97,615,946,125,127,162,114,169,27,62,41,28,3,965,3385,5888,25,633,2122,124,,,,6,2,72,517,1501,75,34,33,34,33,23,24,30,9,5,671,2978,5888,25,1366,1500,0,0,104,0,2970,5888
2020,102,77,4269,4522,1578,1660,1405,107,34,5,55,5306,4164,704,1431,1413,13,2,555,3532,3442,562,1035,977,63,116,76,73,50,31,6,3710,13670,26284,76,4781,5007,957,,1443,,14,36,1267,4159,3931,4829,4628,877,630,1499,1608,1489,,10,26,3365,3377,60,149,79,85,128,3539,56,1170,16,35,140,1112,905,423,1235,4,311,701,3257,50,229,74,151,93,3778,27,66,104,105,117,1262,891,204,1342,811,12,404,541,2860,3305,403,566,741,439,537,86,278,186,105,8,4126,13642,26284,76,3385,9094,546,,,,36,21,418,2697,6270,339,155,198,197,234,84,87,117,60,16,3124,13576,26284,76,5831,7140,14,0,398,0,13383,26284
2020,103,51,3352,3142,872,749,816,66,13,12,48,4194,2599,355,610,740,8,10,536,2698,2231,297,447,482,29,75,44,36,22,59,14,2725,9057,17241,50,3749,3238,448,,633,,8,49,770,3201,3548,3083,2870,393,327,681,567,671,,11,55,2379,2523,131,69,103,79,174,2378,38,88,21,577,20,599,375,174,531,2,258,754,2371,104,45,238,42,358,2383,69,50,17,17,95,636,474,59,548,428,3,405,552,2303,2219,195,263,325,300,296,45,105,69,85,12,2779,8997,17241,50,2373,6536,172,,,,11,10,66,1888,4523,118,49,,104,77,31,25,,77,12,2364,9115,17241,50,3579,4901,6,0,487,1,8971,17241
2020,104,43,2232,2150,1072,881,918,46,16,5,37,2735,2026,447,845,955,4,1,347,1798,1561,358,564,646,33,62,80,45,35,19,4,2178,7383,12791,42,2592,2038,791,,1037,,3,23,812,2340,2157,2146,2023,585,469,954,1011,1028,,3,28,1843,1688,103,57,72,62,116,2108,16,16,14,64,26,781,594,246,829,0,170,333,1577,140,51,86,48,203,1487,89,70,45,79,17,769,582,152,903,466,5,224,304,1500,1395,308,378,507,326,297,68,162,116,56,10,2239,7362,12791,42,3598,3104,455,,,,34,4,120,2463,2172,295,92,,55,76,100,43,,44,5,2019,7369,12791,42,3206,3933,5,0,322,10,7476,12791
2020,105,45,2741,2226,905,952,692,41,21,7,33,3314,2001,421,791,700,2,3,344,2278,1614,335,595,456,29,72,82,53,34,25,11,2083,7668,15404,44,2775,2178,465,975,,96,3,38,942,2816,2706,2271,2047,511,421,931,888,741,,2,40,1807,2267,64,141,44,79,50,2167,21,19,53,22,10,675,575,207,611,2,203,388,2158,59,240,33,101,55,1610,109,59,60,15,65,751,582,126,619,356,9,278,320,2003,1532,279,422,363,367,235,63,194,93,50,9,2047,7658,15404,44,3714,3233,375,,,,41,5,148,2719,2304,254,110,,79,71,63,61,,50,20,1856,7587,15404,44,3070,4196,6,0,301,0,7572,15404
2020,106,55,3534,3413,1733,1641,1109,61,31,0,37,4468,3359,751,1472,1163,4,1,332,2996,2569,610,1047,740,46,140,148,109,47,23,3,3098,11576,21776,54,3625,3689,784,1955,,155,13,27,1167,3568,3364,3976,3408,867,704,1605,1848,1257,,5,39,2180,2698,159,71,95,93,175,2455,146,49,936,67,25,1203,1077,482,995,0,299,385,2576,196,68,110,66,266,2550,188,44,74,145,107,1223,1104,258,1063,729,5,348,288,2464,2203,419,789,532,431,593,116,358,170,64,4,3340,11482,21776,54,3148,7480,668,,,,21,11,350,2626,5164,435,260,,121,177,146,99,,107,6,2631,11772,21776,54,5054,5757,10,0,324,1,11168,21776
2020,107,74,4401,4780,2665,2598,1268,104,39,6,30,5522,4954,1153,2323,1453,14,2,468,3715,3765,948,1649,927,39,149,211,130,51,17,3,4307,15912,31981,73,4085,5999,1146,3013,,,17,41,1459,4290,4106,5775,4976,1437,1169,2459,2774,1538,,19,43,2892,3260,118,111,240,52,192,3641,1401,30,100,178,42,1981,1665,680,1235,16,302,501,3093,144,96,338,13,254,3864,104,151,120,223,52,1935,1678,378,1333,1140,55,388,382,2922,3309,681,1181,712,547,793,175,480,196,48,4,4768,15815,31981,73,3504,10285,1098,,,,29,8,516,2954,7134,704,408,,187,270,200,146,,126,6,3445,15580,31981,73,7462,7728,12,0,463,2,15648,31981
2020,108,117,8237,7236,4730,4648,1533,181,54,16,47,9977,7859,1994,4239,1969,17,6,622,6881,5641,1585,2961,1131,94,236,445,286,68,40,10,7353,26726,50621,116,7487,8697,2369,5153,,,15,29,2153,7670,7215,8449,7284,2572,2127,5154,4662,2068,,20,40,4537,6334,117,303,165,240,178,7408,47,355,67,65,127,3334,3130,1285,1603,4,502,674,5753,117,783,113,213,197,4982,231,547,101,305,308,3451,3165,682,1778,2072,12,639,492,5101,4688,1192,2230,890,1142,1295,361,938,236,155,9,7883,26107,50621,116,6148,16914,1998,,,,47,8,1129,5372,11029,1265,893,,411,438,420,338,,214,14,6081,26473,50621,116,12078,12796,15,0,574,4,25468,50621
2020,109,55,3600,3464,2101,1910,963,65,26,4,35,4476,3535,960,1787,1030,11,2,369,3131,2628,787,1254,671,48,98,183,102,60,26,10,3211,12209,20904,54,3771,3434,984,2435,,264,11,20,1141,3743,3529,3554,3699,1145,1145,1940,2145,1101,,18,29,2059,3064,61,123,107,84,65,2376,971,19,68,152,33,1608,1277,552,922,2,228,372,2993,51,307,41,56,65,2369,69,134,139,266,41,1488,1283,343,1069,818,4,319,229,2529,2161,576,882,477,535,606,161,405,183,57,4,3566,12142,20904,54,5141,5614,1045,,,,25,0,251,3729,3843,646,202,,135,199,212,115,,59,11,3003,12155,20904,54,5862,6078,8,0,294,3,12242,20904
2020,110,61,3482,3373,2390,2297,903,98,33,7,21,4310,3698,1106,2071,1054,19,4,360,2939,2647,878,1493,645,56,90,179,145,46,24,4,3491,12636,22761,60,3670,3781,1103,3179,,,8,26,1147,3644,3462,3728,3748,1368,1162,2705,2359,1254,,11,52,2270,2726,114,100,264,49,142,2634,29,91,16,38,1019,1780,1556,707,949,3,295,429,2422,86,100,408,27,256,2692,169,130,119,39,74,1721,1600,413,1061,850,142,338,281,2307,2270,597,1127,516,645,598,188,511,160,75,5,4017,13013,22761,60,4560,6216,1239,,,,33,5,433,3329,4309,767,354,,148,263,221,140,,87,11,2946,12576,22761,60,6094,5788,7,0,284,1,12169,22761
